source_name,kind,agency,title,published_date,url,document_url,format,source_page
NYC Independent Budget Office,report,,The Effect of EarlyLearn NYC on Subsidized Childcare Capacity,,https://www.ibo.nyc.ny.us/iboreports/earlylearn53012.pdf,https://www.ibo.nyc.ny.us/iboreports/earlylearn53012.pdf,pdf,https://ibo.nyc.ny.us/publicationsSocialCommunity.html
NYC Independent Budget Office,report,,Bearing the Cost of Early Intervention Services: Recent Changes Not Likely to Shift Much Spending From City & State to Private Insurers,,https://www.ibo.nyc.ny.us/iboreports/ei4192012.pdf,https://www.ibo.nyc.ny.us/iboreports/ei4192012.pdf,pdf,https://ibo.nyc.ny.us/publicationsSocialCommunity.html
NYC Independent Budget Office,report,,"A Changed Emphasis in City’s Child Welfare System: How Has Shift Away From Foster Care Affected Funding, Spending, Caseloads?",,https://www.ibo.nyc.ny.us/iboreports/childwelfare101211.pdf,https://www.ibo.nyc.ny.us/iboreports/childwelfare101211.pdf,pdf,https://ibo.nyc.ny.us/publicationsSocialCommunity.html
NYC Independent Budget Office,report,,"City’s Subsidized Child Care System Faces Rising Costs, Shrinking Funds",,https://www.ibo.nyc.ny.us/iboreports/childcareoctober2010.pdf,https://www.ibo.nyc.ny.us/iboreports/childcareoctober2010.pdf,pdf,https://ibo.nyc.ny.us/publicationsSocialCommunity.html
NYC Independent Budget Office,report,,Effect of Closing ACS Day Care Centers to Kindergartners on Average Kindergarten Class Size,,https://www.ibo.nyc.ny.us/iboreports/acskindergartenletter.pdf,https://www.ibo.nyc.ny.us/iboreports/acskindergartenletter.pdf,pdf,https://ibo.nyc.ny.us/publicationsSocialCommunity.html
NYC Independent Budget Office,report,,Testimony to the New York City Council Youth Services Committee On the LGBTQ Commission Report,,https://www.ibo.nyc.ny.us/iboreports/runawayyouthcc92110pdf.pdf,https://www.ibo.nyc.ny.us/iboreports/runawayyouthcc92110pdf.pdf,pdf,https://ibo.nyc.ny.us/publicationsSocialCommunity.html
NYC Independent Budget Office,report,,City Spending for Runaway and Homeless Youth Grows Steadily,,https://www.ibo.nyc.ny.us/iboreports/rhyaugust122010.pdf,https://www.ibo.nyc.ny.us/iboreports/rhyaugust122010.pdf,pdf,https://ibo.nyc.ny.us/publicationsSocialCommunity.html
NYC Independent Budget Office,report,,Estimated Costs of Language Access Policies in New York City Agencies,,https://www.ibo.nyc.ny.us/iboreports/OddoLetterSeptember2009.pdf,https://www.ibo.nyc.ny.us/iboreports/OddoLetterSeptember2009.pdf,pdf,https://ibo.nyc.ny.us/publicationsSocialCommunity.html
NYC Independent Budget Office,report,,A One-Time Cure for the Summertime Job Blues,,https://ibo.nyc.ny.us/cgi-park?p=62,,html,https://ibo.nyc.ny.us/publicationsSocialCommunity.html
NYC Independent Budget Office,report,,"Since 2000, Funding Changes Cause Annual Uncertainty for Summer Jobs Program",,https://www.ibo.nyc.ny.us/iboreports/SYEP_jun2006.pdf,https://www.ibo.nyc.ny.us/iboreports/SYEP_jun2006.pdf,pdf,https://ibo.nyc.ny.us/publicationsSocialCommunity.html
NYC Independent Budget Office,report,,"As City Plans Child Care Improvements, Funding Tightens",,https://www.ibo.nyc.ny.us/iboreports/ChildcareFB_dec2005.pdf,https://www.ibo.nyc.ny.us/iboreports/ChildcareFB_dec2005.pdf,pdf,https://ibo.nyc.ny.us/publicationsSocialCommunity.html
NYC Independent Budget Office,report,,City's Reliance on State and Federal Funds for Child Care Grows,,https://www.ibo.nyc.ny.us/iboreports/Dec2002backgroundpaper.pdf,https://www.ibo.nyc.ny.us/iboreports/Dec2002backgroundpaper.pdf,pdf,https://ibo.nyc.ny.us/publicationsSocialCommunity.html
NYC Independent Budget Office,report,,City Still Spending Asset Forfeiture Funds From the 2015 BNP Paribas Settlement,,https://ibo.nyc.ny.us/iboreports/city-still-spending-asset-forfeiture-funds-from-the-2015-bnp-paribas-settlement-fopb-march-2019.pdf,https://ibo.nyc.ny.us/iboreports/city-still-spending-asset-forfeiture-funds-from-the-2015-bnp-paribas-settlement-fopb-march-2019.pdf,pdf,https://ibo.nyc.ny.us/publicationsSocialCommunity.html
NYC Independent Budget Office,report,,Estimated Cost of Pre-Trial Detainment in New York City,,https://www.ibo.nyc.ny.us/iboreports/pretrialdetainneltrsept2011.pdf,https://www.ibo.nyc.ny.us/iboreports/pretrialdetainneltrsept2011.pdf,pdf,https://ibo.nyc.ny.us/publicationsSocialCommunity.html
NYC Independent Budget Office,report,,State Cuts to the Court System Likely to Carry a Price Tag for the City,,https://ibo.nyc.ny.us/cgi-park?p=371,,html,https://ibo.nyc.ny.us/publicationsSocialCommunity.html
NYC Independent Budget Office,report,,"Despite Cut in Capital Spending, Mayor Plans to Build a New Jail, Renovate Others",,https://ibo.nyc.ny.us/cgi-park?p=357,,html,https://ibo.nyc.ny.us/publicationsSocialCommunity.html
NYC Independent Budget Office,report,,Long-Term Trends in Funding for District Attorneys,,https://www.ibo.nyc.ny.us/iboreports/may162011letterall.pdf,https://www.ibo.nyc.ny.us/iboreports/may162011letterall.pdf,pdf,https://ibo.nyc.ny.us/publicationsSocialCommunity.html
NYC Independent Budget Office,report,,City Spending on Legal Services for New Yorkers,,https://www.ibo.nyc.ny.us/iboreports/legalservices72611.pdf,https://www.ibo.nyc.ny.us/iboreports/legalservices72611.pdf,pdf,https://ibo.nyc.ny.us/publicationsSocialCommunity.html
NYC Independent Budget Office,report,,City Spending Rises on Programs To Help Inmates Leaving Jail,,https://www.ibo.nyc.ny.us/iboreports/dischargeplanning060309.pdf,https://www.ibo.nyc.ny.us/iboreports/dischargeplanning060309.pdf,pdf,https://ibo.nyc.ny.us/publicationsSocialCommunity.html
NYC Independent Budget Office,report,,City Revamps Arts Funding Process: More Funds for More Groups,,https://www.ibo.nyc.ny.us/iboreports/CDF82609.pdf,https://www.ibo.nyc.ny.us/iboreports/CDF82609.pdf,pdf,https://ibo.nyc.ny.us/publicationsSocialCommunity.html
NYC Independent Budget Office,report,,Broadening the Cultural Challenge: Major Changes Have Altered the Distribution of a Key City Arts Fund,,https://www.ibo.nyc.ny.us/iboreports/January2002.pdf,https://www.ibo.nyc.ny.us/iboreports/January2002.pdf,pdf,https://ibo.nyc.ny.us/publicationsSocialCommunity.html
NYC Independent Budget Office,report,,Why Has the Cost of Correctional Health Services Increased in the Last Decade?,,https://ibo.nyc.ny.us/cgi-park2/2020/09/why-has-the-cost-of-correctional-health-services-increased-in-the-last-decade,,html,https://ibo.nyc.ny.us/publicationsSocialCommunity.html
NYC Independent Budget Office,report,,"How Many of the City’s Hospitals, and Hospital Beds, Were at Risk During Hurricane Sandy?",,https://ibo.nyc.ny.us/cgi-park2?p=215,,html,https://ibo.nyc.ny.us/publicationsSocialCommunity.html
NYC Independent Budget Office,report,,Will the Mayor Still Be Looking for Savings?: Growth in AIDS Caseload Slows and Spending Per Case Eases Downward,,https://www.ibo.nyc.ny.us/iboreports/hasanov2011.pdf,https://www.ibo.nyc.ny.us/iboreports/hasanov2011.pdf,pdf,https://ibo.nyc.ny.us/publicationsSocialCommunity.html
NYC Independent Budget Office,report,,Governor’s Budget Would Add to City’s Rising Share of Homeless Shelter Costs,,https://ibo.nyc.ny.us/iboreports/governors-budget-would-add-to-citys-rising-share-of-homeless-sheltercosts-fopb-march-2019.pdf,https://ibo.nyc.ny.us/iboreports/governors-budget-would-add-to-citys-rising-share-of-homeless-sheltercosts-fopb-march-2019.pdf,pdf,https://ibo.nyc.ny.us/publicationsSocialCommunity.html
NYC Independent Budget Office,report,,"With the Rise in the City’s Homeless Shelter Population, How Much Has Shelter Spending Increased?",,https://ibo.nyc.ny.us/cgi-park2?p=323,,html,https://ibo.nyc.ny.us/publicationsSocialCommunity.html
NYC Independent Budget Office,report,,"Homeless for the Holidays, and Beyond",,https://ibo.nyc.ny.us/cgi-park?p=595,,html,https://ibo.nyc.ny.us/publicationsSocialCommunity.html
NYC Independent Budget Office,report,,Fiscal Impact of Prioritizing Homeless Families for Public Housing and Vouchers,,https://www.ibo.nyc.ny.us/iboreports/dhspriorityletter61412.pdf,https://www.ibo.nyc.ny.us/iboreports/dhspriorityletter61412.pdf,pdf,https://ibo.nyc.ny.us/publicationsSocialCommunity.html
NYC Independent Budget Office,report,,"As Rental Subsidies for Families End, Time in Shelter Grows",,https://ibo.nyc.ny.us/cgi-park?p=422,,html,https://ibo.nyc.ny.us/publicationsSocialCommunity.html
NYC Independent Budget Office,report,,"After Four Years, New York/New York III Pact Has Produced Less Housing Than Planned",,https://www.ibo.nyc.ny.us/iboreports/nyny3feb92010.pdf,https://www.ibo.nyc.ny.us/iboreports/nyny3feb92010.pdf,pdf,https://ibo.nyc.ny.us/publicationsSocialCommunity.html
NYC Independent Budget Office,report,,City’s Nonprofit Contractors Receive More Funding After Year of Uncertainty,,https://ibo.nyc.ny.us/iboreports/citys-nonprofit-contractors-receive-more-funding-after-year-of-uncertainty-june-2021.pdf,https://ibo.nyc.ny.us/iboreports/citys-nonprofit-contractors-receive-more-funding-after-year-of-uncertainty-june-2021.pdf,pdf,https://ibo.nyc.ny.us/publicationsSocialCommunity.html
NYC Independent Budget Office,report,,Governor’s Executive Budget Proposes Nearly $50 Million in Human Services Cuts to New York City,,https://ibo.nyc.ny.us/iboreports/governors-executive-budget-proposes-nearly-50-million-in-human-services-cuts-to-new-york-city-march-2021.pdf,https://ibo.nyc.ny.us/iboreports/governors-executive-budget-proposes-nearly-50-million-in-human-services-cuts-to-new-york-city-march-2021.pdf,pdf,https://ibo.nyc.ny.us/publicationsSocialCommunity.html
NYC Independent Budget Office,report,,New York City Delivers on Covid Emergency Food Budget,,https://ibo.nyc.ny.us/iboreports/new-york-city-delivers-on-covid-emergency-food-budget-march-2021.pdf,https://ibo.nyc.ny.us/iboreports/new-york-city-delivers-on-covid-emergency-food-budget-march-2021.pdf,pdf,https://ibo.nyc.ny.us/publicationsSocialCommunity.html
NYC Independent Budget Office,report,,Updating the Cost of Providing Legal Services to Eligible New Yorkers,,https://ibo.nyc.ny.us/iboreports/legal-services-letter-january-2020.pdf,https://ibo.nyc.ny.us/iboreports/legal-services-letter-january-2020.pdf,pdf,https://ibo.nyc.ny.us/publicationsSocialCommunity.html
NYC Independent Budget Office,report,,"Recession’s Divide: Food Stamp Caseload Soars, Welfare Caseload Does Not",,https://ibo.nyc.ny.us/cgi-park?p=216,,html,https://ibo.nyc.ny.us/publicationsSocialCommunity.html
NYC Independent Budget Office,report,,City’s Food Stamp Enrollment Surges,,https://ibo.nyc.ny.us/cgi-park?p=101,,html,https://ibo.nyc.ny.us/publicationsSocialCommunity.html
NYC Independent Budget Office,report,,Back to Work Program Spending and Performance,,https://www.ibo.nyc.ny.us/iboreports/backtowork42309.pdf,https://www.ibo.nyc.ny.us/iboreports/backtowork42309.pdf,pdf,https://ibo.nyc.ny.us/publicationsSocialCommunity.html
NYC Independent Budget Office,report,,Will Mounting City Job Losses Lead to Soaring Welfare Rolls? Maybe Not.,,https://ibo.nyc.ny.us/cgi-park?p=31,,html,https://ibo.nyc.ny.us/publicationsSocialCommunity.html
NYC Independent Budget Office,report,,supplemental tables,,https://www.ibo.nyc.ny.us/iboreports/Foodstampswebtables.pdf,https://www.ibo.nyc.ny.us/iboreports/Foodstampswebtables.pdf,pdf,https://ibo.nyc.ny.us/publicationsSocialCommunity.html
NYC Independent Budget Office,report,,"Despite Recession, Welfare Reform and Labor Market Changes Limit Public Assistance Growth",,https://www.ibo.nyc.ny.us/iboreports/welfareFB.pdf,https://www.ibo.nyc.ny.us/iboreports/welfareFB.pdf,pdf,https://ibo.nyc.ny.us/publicationsSocialCommunity.html
NYC Independent Budget Office,report,,New York's Increasing Dependence on the Welfare Surplus,,https://www.ibo.nyc.ny.us/iboreports/tanf.pdf,https://www.ibo.nyc.ny.us/iboreports/tanf.pdf,pdf,https://ibo.nyc.ny.us/publicationsSocialCommunity.html
NYC Independent Budget Office,report,,"It’s Not Just OWS: How Wind, Snow, and the Red Sox Drive Police Overtime Spending",,https://ibo.nyc.ny.us/cgi-park?p=388,,html,https://ibo.nyc.ny.us/publicationsSocialCommunity.html
NYC Independent Budget Office,report,,"Fewer Cops, and More of Them Behind Desks?",,https://ibo.nyc.ny.us/cgi-park?p=65,,html,https://ibo.nyc.ny.us/publicationsSocialCommunity.html
NYC Independent Budget Office,report,,Understanding New York City's Budget: A Guide,,https://www.ibo.nyc.ny.us/iboreports/understandingthebudget.pdf,https://www.ibo.nyc.ny.us/iboreports/understandingthebudget.pdf,pdf,https://ibo.nyc.ny.us/publicationsBudgetProcess.html
NYC Independent Budget Office,report,,Understanding the Budget: A Guide to the Capital Budget,,https://www.ibo.nyc.ny.us/iboreports/IBOCBG.pdf,https://www.ibo.nyc.ny.us/iboreports/IBOCBG.pdf,pdf,https://ibo.nyc.ny.us/publicationsBudgetProcess.html
NYC Independent Budget Office,report,,"Some Community Board Budget Priorities Face Budget Axe, Again",,https://ibo.nyc.ny.us/cgi-park?p=165,,html,https://ibo.nyc.ny.us/publicationsBudgetProcess.html
NYC Independent Budget Office,report,,About Those Services You Prioritized,,https://ibo.nyc.ny.us/cgi-park?p=42,,html,https://ibo.nyc.ny.us/publicationsBudgetProcess.html
NYC Independent Budget Office,report,,Summary of the New York City Financial Plan,,https://www.ibo.nyc.ny.us/iboreports/financialplansummary.pdf,https://www.ibo.nyc.ny.us/iboreports/financialplansummary.pdf,pdf,https://ibo.nyc.ny.us/publicationsBudgetProcess.html
NYC Independent Budget Office,report,,Legal and Practical Implications of the City Council Formulating and Adopting the City Budget for 1999;,,https://www.ibo.nyc.ny.us/iboreports/budg99imps.html,,html,https://ibo.nyc.ny.us/publicationsBudgetProcess.html
NYC Independent Budget Office,report,,How Does New York City’s Recovery From Covid-Related Job Losses Compare With The National Recovery?,,https://ibo.nyc.ny.us/cgi-park2/2021/10/how-does-new-york-citys-recovery-from-covid-related-job-losses-compare-with-the-national-recovery,,html,https://ibo.nyc.ny.us/publicationsBudgetProcess.html
NYC Independent Budget Office,report,,Outlook for the City’s Economy: A Slow and Fragile Recovery,,https://ibo.nyc.ny.us/iboreports/outlook-for-the-citys-cconomy-a-slow-and-fragile-recovery-march-2021.pdf,https://ibo.nyc.ny.us/iboreports/outlook-for-the-citys-cconomy-a-slow-and-fragile-recovery-march-2021.pdf,pdf,https://ibo.nyc.ny.us/publicationsBudgetProcess.html
NYC Independent Budget Office,report,,FEMA Increase to Covid Reimbursement Means Over $1 Billion More for the City,,https://ibo.nyc.ny.us/iboreports/FEMA-increase-to-covid-reimbursement-means-over-1-billion-more-for-the-city-fopb-1-feb2021.pdf,https://ibo.nyc.ny.us/iboreports/FEMA-increase-to-covid-reimbursement-means-over-1-billion-more-for-the-city-fopb-1-feb2021.pdf,pdf,https://ibo.nyc.ny.us/publicationsBudgetProcess.html
NYC Independent Budget Office,report,,Reopening in a Pandemic: Estimating the Additional Costs for NYC Public Schools,,https://ibo.nyc.ny.us/iboreports/school-reopening-letter-september-2020.pdf,https://ibo.nyc.ny.us/iboreports/school-reopening-letter-september-2020.pdf,pdf,https://ibo.nyc.ny.us/publicationsBudgetProcess.html
NYC Independent Budget Office,report,,Salaries for Local Government Employees: How Does NYC Measure Up?,,https://ibo.nyc.ny.us/cgi-park2?p=295,,html,https://ibo.nyc.ny.us/publicationsBudgetProcess.html
NYC Independent Budget Office,report,,How Much Has Hurricane Sandy Cost The City in Overtime Spending?,,https://ibo.nyc.ny.us/cgi-park2?p=266,,html,https://ibo.nyc.ny.us/publicationsBudgetProcess.html
NYC Independent Budget Office,report,,Cutting the City’s Billion Dollar Spending on Overtime May be Easier Said than Done,,https://ibo.nyc.ny.us/cgi-park?p=534,,html,https://ibo.nyc.ny.us/publicationsBudgetProcess.html
NYC Independent Budget Office,report,,"Few Layoffs in 2013 City Budget, But Municipal Workforce Would Continue to Shrink",,https://ibo.nyc.ny.us/cgi-park?p=485,,html,https://ibo.nyc.ny.us/publicationsBudgetProcess.html
NYC Independent Budget Office,report,,"Living Wage, Again",,https://ibo.nyc.ny.us/cgi-park?p=403,,html,https://ibo.nyc.ny.us/publicationsBudgetProcess.html
NYC Independent Budget Office,report,,Sick Days and the City,,https://ibo.nyc.ny.us/cgi-park?p=237,,html,https://ibo.nyc.ny.us/publicationsBudgetProcess.html
NYC Independent Budget Office,report,,Total Spending on CityTime Project,,https://www.ibo.nyc.ny.us/iboreports/citytimeletter091010.pdf,https://www.ibo.nyc.ny.us/iboreports/citytimeletter091010.pdf,pdf,https://ibo.nyc.ny.us/publicationsBudgetProcess.html
NYC Independent Budget Office,report,,Testimony to the New York City Council Committee on Finance on On the Prevailing Wage Bill (Intro 18),,https://www.ibo.nyc.ny.us/iboreports/prevailingwagetestimonyMay2010.pdf,https://www.ibo.nyc.ny.us/iboreports/prevailingwagetestimonyMay2010.pdf,pdf,https://ibo.nyc.ny.us/publicationsBudgetProcess.html
NYC Independent Budget Office,report,,"When It Comes to Making Labor Contracts Readily Accessible, Albany’s Got Us Beat",,https://ibo.nyc.ny.us/cgi-park?p=83,,html,https://ibo.nyc.ny.us/publicationsBudgetProcess.html
NYC Independent Budget Office,report,,Two Paramedics on an Ambulance—Only in New York,,https://ibo.nyc.ny.us/cgi-park?p=77,,html,https://ibo.nyc.ny.us/publicationsBudgetProcess.html
NYC Independent Budget Office,report,,How Much Did He Say in Pension Savings?,,https://ibo.nyc.ny.us/cgi-park?p=39,,html,https://ibo.nyc.ny.us/publicationsBudgetProcess.html
NYC Independent Budget Office,report,,"Big City, Big Staff—But Maybe Not as Big as It Seems",,https://ibo.nyc.ny.us/cgi-park?p=16,,html,https://ibo.nyc.ny.us/publicationsBudgetProcess.html
NYC Independent Budget Office,report,,"Testimony to the New York City Council Small Business Committee On Intro. 256-2010, a Local Law to Amend the City Charter Regarding EDC’s Annual Reporting Requirements",,https://www.ibo.nyc.ny.us/iboreports/intro256testinov2010.pdf,https://www.ibo.nyc.ny.us/iboreports/intro256testinov2010.pdf,pdf,https://ibo.nyc.ny.us/publicationsBudgetProcess.html
NYC Independent Budget Office,report,,How the MMR Went MIA,,https://ibo.nyc.ny.us/cgi-park?p=249,,html,https://ibo.nyc.ny.us/publicationsBudgetProcess.html
NYC Independent Budget Office,report,,Full Disclosure? Assessing City Reporting on Business Retention Deals,,https://www.ibo.nyc.ny.us/iboreports/locallaw69.pdf,https://www.ibo.nyc.ny.us/iboreports/locallaw69.pdf,pdf,https://ibo.nyc.ny.us/publicationsBudgetProcess.html
NYC Independent Budget Office,report,,The Aftermath: Federal Aid 10 Years After the World Trade Center Attack,,https://www.ibo.nyc.ny.us/iboreports/wtc2011.pdf,https://www.ibo.nyc.ny.us/iboreports/wtc2011.pdf,pdf,https://ibo.nyc.ny.us/publicationsBudgetProcess.html
NYC Independent Budget Office,report,,Plans for Using Special Federal Community Development Funds Allocated to the City After September 11,,https://www.ibo.nyc.ny.us/iboreports/CDBGletter.pdf,https://www.ibo.nyc.ny.us/iboreports/CDBGletter.pdf,pdf,https://ibo.nyc.ny.us/publicationsBudgetProcess.html
NYC Independent Budget Office,report,,Effect of the Federal Stimulus Act on the City's Tax Revenues,,https://www.ibo.nyc.ny.us/iboreports/stimlet.pdf,https://www.ibo.nyc.ny.us/iboreports/stimlet.pdf,pdf,https://ibo.nyc.ny.us/publicationsBudgetProcess.html
NYC Independent Budget Office,report,,Technical Notes,,https://www.ibo.nyc.ny.us/iboreports/Stimacttechnotes.pdf,https://www.ibo.nyc.ny.us/iboreports/Stimacttechnotes.pdf,pdf,https://ibo.nyc.ny.us/publicationsBudgetProcess.html
NYC Independent Budget Office,report,,Drilling For Natural Gas in the Catskills Could Lead to Higher Water Bills in the City,,https://www.ibo.nyc.ny.us/iboreports/catskills1209.pdf,https://www.ibo.nyc.ny.us/iboreports/catskills1209.pdf,pdf,https://ibo.nyc.ny.us/publicationsEICB.html
NYC Independent Budget Office,report,,"City’s Capital Plan Grows: More Projects, Some More Spending",,https://ibo.nyc.ny.us/cgi-park?p=106,,html,https://ibo.nyc.ny.us/publicationsEICB.html
NYC Independent Budget Office,report,,CUNY Construction Funding Has Been on the Rise: Can it Continue?,,https://www.ibo.nyc.ny.us/iboreports/cunycapital22509.pdf,https://www.ibo.nyc.ny.us/iboreports/cunycapital22509.pdf,pdf,https://ibo.nyc.ny.us/publicationsEICB.html
NYC Independent Budget Office,report,,Capital Spending by Community Board and Project Type,,https://www.ibo.nyc.ny.us/iboreports/CBcapital.pdf,https://www.ibo.nyc.ny.us/iboreports/CBcapital.pdf,pdf,https://ibo.nyc.ny.us/publicationsEICB.html
NYC Independent Budget Office,report,,Croton Filtration Plant Budget Summary,,https://www.ibo.nyc.ny.us/iboreports/crotonfiltrationsummary907.pdf,https://www.ibo.nyc.ny.us/iboreports/crotonfiltrationsummary907.pdf,pdf,https://ibo.nyc.ny.us/publicationsEICB.html
NYC Independent Budget Office,report,,Does City Capital Spending Match the 10-Year Strategy?,,https://www.ibo.nyc.ny.us/iboreports/10YearCapPlan.pdf,https://www.ibo.nyc.ny.us/iboreports/10YearCapPlan.pdf,pdf,https://ibo.nyc.ny.us/publicationsEICB.html
NYC Independent Budget Office,report,,Financing Plans for the New Yankee Stadium,,https://www.ibo.nyc.ny.us/iboreports/Yankstadiumtestimony.pdf,https://www.ibo.nyc.ny.us/iboreports/Yankstadiumtestimony.pdf,pdf,https://ibo.nyc.ny.us/publicationsEICB.html
NYC Independent Budget Office,report,,How Much Is Too Much? Debt Affordability Measures for the City,,https://www.ibo.nyc.ny.us/iboreports/Debtaffordability_fbapr2006.pdf,https://www.ibo.nyc.ny.us/iboreports/Debtaffordability_fbapr2006.pdf,pdf,https://ibo.nyc.ny.us/publicationsEICB.html
NYC Independent Budget Office,report,,HPD's Capital Budget,,https://www.ibo.nyc.ny.us/iboreports/hpdcapitalbudget.pdf,https://www.ibo.nyc.ny.us/iboreports/hpdcapitalbudget.pdf,pdf,https://ibo.nyc.ny.us/publicationsEICB.html
NYC Independent Budget Office,report,,HPD's Capital Budget for In-Rem Privatization,,https://www.ibo.nyc.ny.us/iboreports/hpdcapitalbudgetinrem.pdf,https://www.ibo.nyc.ny.us/iboreports/hpdcapitalbudgetinrem.pdf,pdf,https://ibo.nyc.ny.us/publicationsEICB.html
NYC Independent Budget Office,report,,Atlantic Yards: A Net Fiscal Benefit for the City?,,https://www.ibo.nyc.ny.us/iboreports/atlyards_fbsept2005.pdf,https://www.ibo.nyc.ny.us/iboreports/atlyards_fbsept2005.pdf,pdf,https://ibo.nyc.ny.us/publicationsEICB.html
NYC Independent Budget Office,report,,"West Side Financing's Complex, $1.3 Billion Story",,https://www.ibo.nyc.ny.us/iboreports/WestsidefinanceFB.pdf,https://www.ibo.nyc.ny.us/iboreports/WestsidefinanceFB.pdf,pdf,https://ibo.nyc.ny.us/publicationsEICB.html
NYC Independent Budget Office,report,,The Transportation Infrastructure Bond Act of 2000,,https://www.ibo.nyc.ny.us/iboreports/October2000.pdf,https://www.ibo.nyc.ny.us/iboreports/October2000.pdf,pdf,https://ibo.nyc.ny.us/publicationsEICB.html
NYC Independent Budget Office,report,,Which Industry Sectors Have the Most Small Businesses and How Much Do Their Employees Earn?,,https://ibo.nyc.ny.us/cgi-park2/2020/09/which-industry-sectors-have-the-most-small-businesses-and-how-much-do-their-employees-earn,,html,https://ibo.nyc.ny.us/publicationsEICB.html
NYC Independent Budget Office,report,,"Seas Rise, Storms Surge, and NYC Presses Ahead with Waterfront Development Projects",,https://ibo.nyc.ny.us/cgi-park?p=575,,html,https://ibo.nyc.ny.us/publicationsEICB.html
NYC Independent Budget Office,report,,Sandy’s Aftermath: How Much Federal Aid Can the City Expect?,,https://ibo.nyc.ny.us/cgi-park?p=567,,html,https://ibo.nyc.ny.us/publicationsEICB.html
NYC Independent Budget Office,report,,Testimony to the New York City Council on The Fair Wages for New Yorkers Act,,https://ibo.nyc.ny.us/iboreports/livingwagetestNov2011.pdf,https://ibo.nyc.ny.us/iboreports/livingwagetestNov2011.pdf,pdf,https://ibo.nyc.ny.us/publicationsEICB.html
NYC Independent Budget Office,report,,"Who, What, Where, When?: Tracking the City’s Discretionary Economic Development Deals",,https://www.ibo.nyc.ny.us/iboreports/locallaw48110111.pdf,https://www.ibo.nyc.ny.us/iboreports/locallaw48110111.pdf,pdf,https://ibo.nyc.ny.us/publicationsEICB.html
NYC Independent Budget Office,report,,"Testimony to the New York City Council Committee on Contracts on Intro 251-A, Fair Wages for New Yorkers Act",,https://www.ibo.nyc.ny.us/iboreports/livingwagetestmay2011.pdf,https://www.ibo.nyc.ny.us/iboreports/livingwagetestmay2011.pdf,pdf,https://ibo.nyc.ny.us/publicationsEICB.html
NYC Independent Budget Office,report,,Stabilizing Revenue Collection During the Downturn: How Assessment Phase Ins and Caps Affect the City’s Property Tax,,https://www.ibo.nyc.ny.us/iboreports/taxstability2102011.pdf,https://www.ibo.nyc.ny.us/iboreports/taxstability2102011.pdf,pdf,https://ibo.nyc.ny.us/publicationsEICB.html
NYC Independent Budget Office,report,,"Sidewalk Standoff: Street Vendor Regulations Are Costly, Confusing, and Leave Many Disgruntled",,https://www.ibo.nyc.ny.us/iboreports/peddlingnovember2010.pdf,https://www.ibo.nyc.ny.us/iboreports/peddlingnovember2010.pdf,pdf,https://ibo.nyc.ny.us/publicationsEICB.html
NYC Independent Budget Office,report,,Testimony to the New York City Council Community Development Committee On the Effect of the Recession on the City’s Communities,,https://www.ibo.nyc.ny.us/iboreports/communitydevlpttestoct2010.pdf,https://www.ibo.nyc.ny.us/iboreports/communitydevlpttestoct2010.pdf,pdf,https://ibo.nyc.ny.us/publicationsEICB.html
NYC Independent Budget Office,report,,"The Big, and Small, Stall in Construction Projects",,https://ibo.nyc.ny.us/cgi-park?p=94,,html,https://ibo.nyc.ny.us/publicationsEICB.html
NYC Independent Budget Office,report,,The Proposed Arena at Atlantic Yards: An Analysis of City Fiscal Gains and Losses,,https://www.ibo.nyc.ny.us/iboreports/AtlanticYards091009.pdf,https://www.ibo.nyc.ny.us/iboreports/AtlanticYards091009.pdf,pdf,https://ibo.nyc.ny.us/publicationsEICB.html
NYC Independent Budget Office,report,,Quiet on the Set?,,https://ibo.nyc.ny.us/cgi-park?p=90,,html,https://ibo.nyc.ny.us/publicationsEICB.html
NYC Independent Budget Office,report,,"Testimony to the New York State Senate Standing Committee Corporations, Authorities and Commissions, on the Atlantic Yards Project",,https://www.ibo.nyc.ny.us/iboreports/52909AtlanticYardsTestimony.pdf,https://www.ibo.nyc.ny.us/iboreports/52909AtlanticYardsTestimony.pdf,pdf,https://ibo.nyc.ny.us/publicationsEICB.html
NYC Independent Budget Office,report,,Costs and Savings from Subsidies and Exemptions for New Yankees and Mets Stadiums,,https://www.ibo.nyc.ny.us/iboreports/yankeesmets011409.pdf,https://www.ibo.nyc.ny.us/iboreports/yankeesmets011409.pdf,pdf,https://ibo.nyc.ny.us/publicationsEICB.html
NYC Independent Budget Office,report,,Swinging at the Wrong Pitch,,https://ibo.nyc.ny.us/cgi-park?p=20,,html,https://ibo.nyc.ny.us/publicationsEICB.html
NYC Independent Budget Office,report,,Twenty-Five Years After S7000A: How Property Tax Burdens Have Shifted in New York City,,https://www.ibo.nyc.ny.us/iboreports/propertytax120506.pdf,https://www.ibo.nyc.ny.us/iboreports/propertytax120506.pdf,pdf,https://ibo.nyc.ny.us/publicationsEICB.html
NYC Independent Budget Office,report,,Testimony to the Committee on Economic Development on Intro. 373-A,,https://www.ibo.nyc.ny.us/iboreports/intro373accmay05.pdf,https://www.ibo.nyc.ny.us/iboreports/intro373accmay05.pdf,pdf,https://ibo.nyc.ny.us/publicationsEICB.html
NYC Independent Budget Office,report,,Letter to the New York Jets Objecting to the Team's Newest TV Ad,,https://www.ibo.nyc.ny.us/iboreports/Jetsletter.pdf,https://www.ibo.nyc.ny.us/iboreports/Jetsletter.pdf,pdf,https://ibo.nyc.ny.us/publicationsEICB.html
NYC Independent Budget Office,report,,Supply & Demand: City and State May Be Planning Too Much Office Space,,https://www.ibo.nyc.ny.us/iboreports/officespacebp.pdf,https://www.ibo.nyc.ny.us/iboreports/officespacebp.pdf,pdf,https://ibo.nyc.ny.us/publicationsEICB.html
NYC Independent Budget Office,report,,Double Play: The Economics and Financing of Stadiums for the Yankees and Mets,,https://www.ibo.nyc.ny.us/iboreports/doubleplay.html,,html,https://ibo.nyc.ny.us/publicationsEICB.html
NYC Independent Budget Office,report,,New York City's Use of Community Development Block Grant Funds,,https://www.ibo.nyc.ny.us/iboreports/budgfax.html,,html,https://ibo.nyc.ny.us/publicationsEICB.html
NYC Independent Budget Office,report,,"Funding Added for LeadFreeNYC, More to Come?",,https://ibo.nyc.ny.us/iboreports/funding-added-for-leadfreenyc-more-to-come-fopb-march-2019.pdf,https://ibo.nyc.ny.us/iboreports/funding-added-for-leadfreenyc-more-to-come-fopb-march-2019.pdf,pdf,https://ibo.nyc.ny.us/publicationsEICB.html
NYC Independent Budget Office,report,,Proposed Council Bill Focuses on Mold & Pests in Housin,,https://www.ibo.nyc.ny.us/iboreports/indoor-allergens-letter-2016.pdf,https://www.ibo.nyc.ny.us/iboreports/indoor-allergens-letter-2016.pdf,pdf,https://ibo.nyc.ny.us/publicationsEICB.html
NYC Independent Budget Office,report,,Federal Plan for Cleanup of the Gowanus Canal May Mean Growing Costs for the City,,https://ibo.nyc.ny.us/cgi-park?p=612,,html,https://ibo.nyc.ny.us/publicationsEICB.html
NYC Independent Budget Office,report,,How Much Waste Does the Average New Yorker Produce Each Day?,,https://ibo.nyc.ny.us/cgi-park2?p=222,,html,https://ibo.nyc.ny.us/publicationsEICB.html
NYC Independent Budget Office,report,,"Two Decades Later, City’s Water Metering Still Not Universal",,https://ibo.nyc.ny.us/cgi-park?p=99,,html,https://ibo.nyc.ny.us/publicationsEICB.html
NYC Independent Budget Office,report,,Increasing Costs of the Croton Filtration Plant at Mosholu,,https://www.ibo.nyc.ny.us/iboreports/croton2008.pdf,https://www.ibo.nyc.ny.us/iboreports/croton2008.pdf,pdf,https://ibo.nyc.ny.us/publicationsEICB.html
NYC Independent Budget Office,report,,An Overview: The Waste Stream Managed by the NYC Department of Sanitation,,https://www.ibo.nyc.ny.us/iboreports/nycwastemanagement.pdf,https://www.ibo.nyc.ny.us/iboreports/nycwastemanagement.pdf,pdf,https://ibo.nyc.ny.us/publicationsEICB.html
NYC Independent Budget Office,report,,Which Sections of the City Generate the Most & Least Complaints to Graffiti-Free NYC?,,https://ibo.nyc.ny.us/cgi-park2/2016/09/which-sections-of-the-city-generate-the-most-least-complaints-to-graffiti-free-nyc,,html,https://ibo.nyc.ny.us/publicationsEICB.html
NYC Independent Budget Office,report,,How Many Rent-Regulated Units Are Rented at Preferential Rates and Where are They Located?,,https://ibo.nyc.ny.us/cgi-park2?p=1133,,html,https://ibo.nyc.ny.us/publicationsEICB.html
NYC Independent Budget Office,report,,New York City: Your Ad Here,,https://ibo.nyc.ny.us/cgi-park?p=528,,html,https://ibo.nyc.ny.us/publicationsEICB.html
NYC Independent Budget Office,report,,Water Conservation Program Could Cause A Flood of New Problems For the City's Housing Authority,,https://ibo.nyc.ny.us/cgi-park?p=514,,html,https://ibo.nyc.ny.us/publicationsEICB.html
NYC Independent Budget Office,report,,Memo: Background on 421-a Fund,,https://www.ibo.nyc.ny.us/iboreports/421afundemo.pdf,https://www.ibo.nyc.ny.us/iboreports/421afundemo.pdf,pdf,https://ibo.nyc.ny.us/publicationsEICB.html
NYC Independent Budget Office,report,,Alternative Enforcement: Program to Push Landlords to Make Repairs Has Mixed Results,,https://www.ibo.nyc.ny.us/iboreports/aepdec2010.pdf,https://www.ibo.nyc.ny.us/iboreports/aepdec2010.pdf,pdf,https://ibo.nyc.ny.us/publicationsEICB.html
NYC Independent Budget Office,report,,Trends in Construction Inspection Activity and Construction Inspector Staffing at the Department of Buildings,,https://www.ibo.nyc.ny.us/iboreports/100909inspectionletter.pdf,https://www.ibo.nyc.ny.us/iboreports/100909inspectionletter.pdf,pdf,https://ibo.nyc.ny.us/publicationsEICB.html
NYC Independent Budget Office,report,,Department of Buildings Expenses and Revenues for Fiscal Years 2004-2009,,https://www.ibo.nyc.ny.us/iboreports/111608Oddoletter.pdf,https://www.ibo.nyc.ny.us/iboreports/111608Oddoletter.pdf,pdf,https://ibo.nyc.ny.us/publicationsEICB.html
NYC Independent Budget Office,report,,The City's Changing Uses of HOME Funds,,https://www.ibo.nyc.ny.us/iboreports/HomeBP.pdf,https://www.ibo.nyc.ny.us/iboreports/HomeBP.pdf,pdf,https://ibo.nyc.ny.us/publicationsEICB.html
NYC Independent Budget Office,report,,A Closer Look at the New Housing Opportunities Program,,https://www.ibo.nyc.ny.us/iboreports/NewHOPbp.pdf,https://www.ibo.nyc.ny.us/iboreports/NewHOPbp.pdf,pdf,https://ibo.nyc.ny.us/publicationsEICB.html
NYC Independent Budget Office,report,,Results of Review of IBO and Administration Analyses of the Fiscal Impact of Intro 101A (The Lead Paint Bill),,https://www.ibo.nyc.ny.us/iboreports/Intro101AReview.pdf,https://www.ibo.nyc.ny.us/iboreports/Intro101AReview.pdf,pdf,https://ibo.nyc.ny.us/publicationsEICB.html
NYC Independent Budget Office,report,,Expanding Homeownership Opportunities for Low- and Moderate-Income New Yorkers,,https://www.ibo.nyc.ny.us/iboreports/august2002bkgdpaper.pdf,https://www.ibo.nyc.ny.us/iboreports/august2002bkgdpaper.pdf,pdf,https://ibo.nyc.ny.us/publicationsEICB.html
NYC Independent Budget Office,report,,HPD Code Enforcement: Resources and Level of Effort,,https://www.ibo.nyc.ny.us/iboreports/hpd.pdf,https://www.ibo.nyc.ny.us/iboreports/hpd.pdf,pdf,https://ibo.nyc.ny.us/publicationsEICB.html
NYC Independent Budget Office,report,,Extending the Senior Citizen Rent Increase Exemption (SCRIE) to the Disabled (Fiscal Impact of Senate Bill 484),,https://www.ibo.nyc.ny.us/iboreports/rie.pdf,https://www.ibo.nyc.ny.us/iboreports/rie.pdf,pdf,https://ibo.nyc.ny.us/publicationsEICB.html
NYC Independent Budget Office,report,,"Double Fault: Will Mayor’s Plan to Hike City Rec Center, Tennis Court, & Ball Field Fees Undermine His Efforts to Promote Healthy Living?",,https://ibo.nyc.ny.us/cgi-park?p=261,,html,https://ibo.nyc.ny.us/publicationsEICB.html
NYC Independent Budget Office,report,,Mayor’s Schoolyards-to-Playgrounds Plan Takes a Hit,,https://ibo.nyc.ny.us/cgi-park?p=112,,html,https://ibo.nyc.ny.us/publicationsEICB.html
NYC Independent Budget Office,report,,"Fees at City Recreation Centers: More Pay, Fewer Play",,https://www.ibo.nyc.ny.us/iboreports/Parkfees_fb_march2006.pdf,https://www.ibo.nyc.ny.us/iboreports/Parkfees_fb_march2006.pdf,pdf,https://ibo.nyc.ny.us/publicationsEICB.html
NYC Independent Budget Office,report,,How Did Participation in Organics Collection Programs Vary Throughout the City?,,https://ibo.nyc.ny.us/cgi-park2/2021/04/how-did-participation-in-organics-collection-programs-vary-throughout-the-city,,html,https://ibo.nyc.ny.us/publicationsEICB.html
NYC Independent Budget Office,report,,How Many Christmas Trees Do New Yorkers Leave for Curbside Pick-up?,,https://ibo.nyc.ny.us/cgi-park2?p=276,,html,https://ibo.nyc.ny.us/publicationsEICB.html
NYC Independent Budget Office,report,,Whose Streets You Calling Dirty?,,https://ibo.nyc.ny.us/cgi-park?p=546,,html,https://ibo.nyc.ny.us/publicationsEICB.html
NYC Independent Budget Office,report,,Comparison of Waste Export Costs via the East 91 st Street Marine Transfer Station or the Interim Plan,,https://www.ibo.nyc.ny.us/iboreports/wtsletter52318.pdf,https://www.ibo.nyc.ny.us/iboreports/wtsletter52318.pdf,pdf,https://ibo.nyc.ny.us/publicationsEICB.html
NYC Independent Budget Office,report,,Looking for Savings: Has The Switch to Dual-Bin Trucks For Some Recycling Pickups Increased Productivity?,,https://www.ibo.nyc.ny.us/iboreports/dualbinjan2012.pdf,https://www.ibo.nyc.ny.us/iboreports/dualbinjan2012.pdf,pdf,https://ibo.nyc.ny.us/publicationsEICB.html
NYC Independent Budget Office,report,,City‘s Recycling Goal Just Rubbish?,,https://ibo.nyc.ny.us/cgi-park?p=49,,html,https://ibo.nyc.ny.us/publicationsEICB.html
NYC Independent Budget Office,report,,East 91st Street Marine Transfer Station,,https://www.ibo.nyc.ny.us/iboreports/E91stletter.pdf,https://www.ibo.nyc.ny.us/iboreports/E91stletter.pdf,pdf,https://ibo.nyc.ny.us/publicationsEICB.html
NYC Independent Budget Office,report,,Update: Detailed Summary of Individual Interim Export Contracts,,https://www.ibo.nyc.ny.us/iboreports/Exportcontractstable.pdf,https://www.ibo.nyc.ny.us/iboreports/Exportcontractstable.pdf,pdf,https://ibo.nyc.ny.us/publicationsEICB.html
NYC Independent Budget Office,report,,"Back On Track? Federal Aid for the MTA May Be Coming, But Fiscal Problems Remain",,https://ibo.nyc.ny.us/iboreports/back-on-track-federa-aid-for-the-mta-may-be-coming-but-fiscal-problems-remain-march-2010.pdf,https://ibo.nyc.ny.us/iboreports/back-on-track-federa-aid-for-the-mta-may-be-coming-but-fiscal-problems-remain-march-2010.pdf,pdf,https://ibo.nyc.ny.us/publicationsEICB.html
NYC Independent Budget Office,report,,"Good, Fair, or Poor:What’s the Condition of the City’s Streets?",,https://ibo.nyc.ny.us/cgi-park2/2017/01/good-fair-or-poor-whats-the-condition-of-the-citys-streets,,html,https://ibo.nyc.ny.us/publicationsEICB.html
NYC Independent Budget Office,report,,"Budget Buster: For MTA, Tax & Fee Revenues Not Always on Track",,https://www.ibo.nyc.ny.us/iboreports/mtareportaugust2011.pdf,https://www.ibo.nyc.ny.us/iboreports/mtareportaugust2011.pdf,pdf,https://ibo.nyc.ny.us/publicationsEICB.html
NYC Independent Budget Office,report,,"Despite Fare Hike and Service Cuts, MTA Budget May Soon Derail Again",,https://ibo.nyc.ny.us/cgi-park?p=45,,html,https://ibo.nyc.ny.us/publicationsEICB.html
NYC Independent Budget Office,report,,Estimates of Average Fares and Tolls Based on The MTA's November Proposals,,https://www.ibo.nyc.ny.us/iboreports/Straphanger123_125_08.pdf,https://www.ibo.nyc.ny.us/iboreports/Straphanger123_125_08.pdf,pdf,https://ibo.nyc.ny.us/publicationsEICB.html
NYC Independent Budget Office,report,,A Review of the Metropolitan Transportation Authority's Financial Outlook and Options for Closing the Gaps,,https://www.ibo.nyc.ny.us/iboreports/mtafiscalcoverltr.pdf,https://www.ibo.nyc.ny.us/iboreports/mtafiscalcoverltr.pdf,pdf,https://ibo.nyc.ny.us/publicationsEICB.html
NYC Independent Budget Office,report,,"Access-A-Ride: With More Riders, Costs Are Rising Sharply",,https://www.ibo.nyc.ny.us/iboreports/FBparatransit10306.pdf,https://www.ibo.nyc.ny.us/iboreports/FBparatransit10306.pdf,pdf,https://ibo.nyc.ny.us/publicationsEICB.html
NYC Independent Budget Office,report,,Running on Empty: The MTA's 2005 Budget and Financial Plan,,https://www.ibo.nyc.ny.us/iboreports/MTAfb.pdf,https://www.ibo.nyc.ny.us/iboreports/MTAfb.pdf,pdf,https://ibo.nyc.ny.us/publicationsEICB.html
NYC Independent Budget Office,report,,New York City Transit's Fiscal Condition,,https://www.ibo.nyc.ny.us/iboreports/testimony9899.html,,html,https://ibo.nyc.ny.us/publicationsEICB.html
NYC Independent Budget Office,report,,Testimony to the New York City Council Oversight Hearing on Immigrant Students in New York City Public Schools,,https://www.ibo.nyc.ny.us/iboreports/schools-new-arrivals-november-2023.pdf,https://www.ibo.nyc.ny.us/iboreports/schools-new-arrivals-november-2023.pdf,pdf,https://ibo.nyc.ny.us/publicationsEducation.html
NYC Independent Budget Office,report,,How Many Students Can Enter a Gifted & Talented Program in New York City?,,https://ibo.nyc.ny.us/cgi-park2?p=931,,html,https://ibo.nyc.ny.us/publicationsEducation.html
NYC Independent Budget Office,report,,A Growing Trend: Average Class Size Rises Despite Little Growth in School Enrollment,,https://www.ibo.nyc.ny.us/iboreports/classsizemay2011.pdf,https://www.ibo.nyc.ny.us/iboreports/classsizemay2011.pdf,pdf,https://ibo.nyc.ny.us/publicationsEducation.html
NYC Independent Budget Office,report,,"High School Overcrowding Persists, Especially in Large Schools",,https://www.ibo.nyc.ny.us/iboreports/overcrowdingaugust2010.pdf,https://www.ibo.nyc.ny.us/iboreports/overcrowdingaugust2010.pdf,pdf,https://ibo.nyc.ny.us/publicationsEducation.html
NYC Independent Budget Office,report,,"Testimony to the New York City Council Committee on Education on the Education Department's Enrollment, Capacity, and Utilization Report",,https://www.ibo.nyc.ny.us/iboreports/capacityreportcctesitmony042010.pdf,https://www.ibo.nyc.ny.us/iboreports/capacityreportcctesitmony042010.pdf,pdf,https://ibo.nyc.ny.us/publicationsEducation.html
NYC Independent Budget Office,report,,Testimony on the Education Department’s Proposed School Closings,,https://www.ibo.nyc.ny.us/iboreports/schoolclosingcctestmonymarch2010i.pdf,https://www.ibo.nyc.ny.us/iboreports/schoolclosingcctestmonymarch2010i.pdf,pdf,https://ibo.nyc.ny.us/publicationsEducation.html
NYC Independent Budget Office,report,,Comparisons between Schools Slated for Closing and All Other Schools,,https://www.ibo.nyc.ny.us/iboreports/schoolclosing012510.pdf,https://www.ibo.nyc.ny.us/iboreports/schoolclosing012510.pdf,pdf,https://ibo.nyc.ny.us/publicationsEducation.html
NYC Independent Budget Office,report,,Letter to Educational Priorities Panel: Updated Cost Estimates for Adding School Capacity,,https://www.ibo.nyc.ny.us/iboreports/eppleasing.pdf,https://www.ibo.nyc.ny.us/iboreports/eppleasing.pdf,pdf,https://ibo.nyc.ny.us/publicationsEducation.html
NYC Independent Budget Office,report,,“Carter Case” Spending for Students With Special Needs Continues to Grow Rapidly,,https://ibo.nyc.ny.us/iboreports/carter-case-spending-for-students-with-special-needs-continues-to-grow-rapidly-march-2021.pdf,https://ibo.nyc.ny.us/iboreports/carter-case-spending-for-students-with-special-needs-continues-to-grow-rapidly-march-2021.pdf,pdf,https://ibo.nyc.ny.us/publicationsEducation.html
NYC Independent Budget Office,report,,"Federal Aid, Governor’s Proposals Combine for a Complex Funding Picture for the City’s Schools",,https://ibo.nyc.ny.us/iboreports/federal-aid-governors-proposals-combine-for-a-complex-funding-picture-for-the-citys-schools-march-2021.pdf,https://ibo.nyc.ny.us/iboreports/federal-aid-governors-proposals-combine-for-a-complex-funding-picture-for-the-citys-schools-march-2021.pdf,pdf,https://ibo.nyc.ny.us/publicationsEducation.html
NYC Independent Budget Office,report,,Not All Funding Appropriated for “General Classroom Instruction and School Leadership” Goes Into School Budgets,,https://ibo.nyc.ny.us/cgi-park2?p=89,,html,https://ibo.nyc.ny.us/publicationsEducation.html
NYC Independent Budget Office,report,,"Testimony to the New York State Senate Committee On Corporations, Authorities, and Commissions Hearing on Charter Schools",,https://www.ibo.nyc.ny.us/iboreports/charterschoolstatesenateapril2010.pdf,https://www.ibo.nyc.ny.us/iboreports/charterschoolstatesenateapril2010.pdf,pdf,https://ibo.nyc.ny.us/publicationsEducation.html
NYC Independent Budget Office,report,,Comparing the Level of Public Support: Charter Schools versus Traditional Public Schools,,https://www.ibo.nyc.ny.us/iboreports/charterschoolsfeb2010.pdf,https://www.ibo.nyc.ny.us/iboreports/charterschoolsfeb2010.pdf,pdf,https://ibo.nyc.ny.us/publicationsEducation.html
NYC Independent Budget Office,report,,Testimony to the New York City Council on Contracting Practices of the Department of Education,,https://www.ibo.nyc.ny.us/iboreports/3109DOEContractingtestimony.pdf,https://www.ibo.nyc.ny.us/iboreports/3109DOEContractingtestimony.pdf,pdf,https://ibo.nyc.ny.us/publicationsEducation.html
NYC Independent Budget Office,report,,The School Accountability Initiative: Totaling the Cost,,https://www.ibo.nyc.ny.us/iboreports/schoolaccountability111308.pdf,https://www.ibo.nyc.ny.us/iboreports/schoolaccountability111308.pdf,pdf,https://ibo.nyc.ny.us/publicationsEducation.html
NYC Independent Budget Office,report,,School Tax Relief and Education Aid Proposals: Impacts on New York City,,https://www.ibo.nyc.ny.us/iboreports/pubstar.html,,html,https://ibo.nyc.ny.us/publicationsEducation.html
NYC Independent Budget Office,report,,Testimony to the New York City Council on Mayoral Control of New York City Schools,,https://www.ibo.nyc.ny.us/iboreports/060409Testimony.pdf,https://www.ibo.nyc.ny.us/iboreports/060409Testimony.pdf,pdf,https://ibo.nyc.ny.us/publicationsEducation.html
NYC Independent Budget Office,report,,"With a Restricted School Schedule, How Many Students With Disabilities Can Receive Their Related Services In Person?",,https://ibo.nyc.ny.us/cgi-park2/2020/10/with-a-restricted-school-schedule-how-many-students-with-disabilities-can-receive-their-related-services-in-person,,html,https://ibo.nyc.ny.us/publicationsEducation.html
NYC Independent Budget Office,report,,Making the Grade? Assessing School Progress Reports' Measurement of Annual Academic Achievement,,https://www.ibo.nyc.ny.us/iboreports/schoolprogressreports2012.pdf,https://www.ibo.nyc.ny.us/iboreports/schoolprogressreports2012.pdf,pdf,https://ibo.nyc.ny.us/publicationsEducation.html
NYC Independent Budget Office,report,,"New York City Public School Indicators: Demographics, Resources, Outcomes",,https://www.ibo.nyc.ny.us/iboreports/2011edindicatorsreport.pdf,https://www.ibo.nyc.ny.us/iboreports/2011edindicatorsreport.pdf,pdf,https://ibo.nyc.ny.us/publicationsEducation.html
NYC Independent Budget Office,report,,"Demographics, Performance, Resources: Schools Proposed for Closing Compared With Other City Schools",,https://www.ibo.nyc.ny.us/iboreports/schoolclosingjan2011.pdf,https://www.ibo.nyc.ny.us/iboreports/schoolclosingjan2011.pdf,pdf,https://ibo.nyc.ny.us/publicationsEducation.html
NYC Independent Budget Office,report,,Testimony to the New York City Council Committee on Education’s Hearing on The Department of Education’s Monitoring of Students at Closing Schools,,https://www.ibo.nyc.ny.us/iboreports/schoolclosingtestimonyjan2011.pdf,https://www.ibo.nyc.ny.us/iboreports/schoolclosingtestimonyjan2011.pdf,pdf,https://ibo.nyc.ny.us/publicationsEducation.html
NYC Independent Budget Office,report,,Expanding Yellow School Bus Service: Fiscal Impact of Three Proposed Policy Changes,,https://www.ibo.nyc.ny.us/iboreports/schoolbus.pdf,https://www.ibo.nyc.ny.us/iboreports/schoolbus.pdf,pdf,https://ibo.nyc.ny.us/publicationsEducation.html
NYC Independent Budget Office,report,,Have NYC Schools Become More or Less Integrated Over the Last 10 Years?,,https://ibo.nyc.ny.us/cgi-park2?p=304,,html,https://ibo.nyc.ny.us/publicationsEducation.html
NYC Independent Budget Office,report,,A Statistical Portrait of Uncertified Teachers in New York City Schools,,https://www.ibo.nyc.ny.us/iboreports/uncertified.pdf,https://www.ibo.nyc.ny.us/iboreports/uncertified.pdf,pdf,https://ibo.nyc.ny.us/publicationsEducation.html
NYC Independent Budget Office,report,,Missing From Albany's Family Relief Tax Break: 1.2 Million NYC Kids,,https://ibo.nyc.ny.us/cgi-park?p=684,,html,https://ibo.nyc.ny.us/publicationsTaxRev.html
NYC Independent Budget Office,report,,Is Everything Going to Be Fine(d)? An Overview of New York City Fine Revenue and Collection,,https://www.ibo.nyc.ny.us/iboreports/Fines.pdf,https://www.ibo.nyc.ny.us/iboreports/Fines.pdf,pdf,https://ibo.nyc.ny.us/publicationsTaxRev.html
NYC Independent Budget Office,report,,Personal Income Growth in New York City Has Been Sustained by a Temporary Boost in Transfer Payments,,https://ibo.nyc.ny.us/iboreports/personal-income-growth-in-new-york-city-has-been-sustained-by-a-temporary-boost-in-transfer-payments-april-2021.pdf,https://ibo.nyc.ny.us/iboreports/personal-income-growth-in-new-york-city-has-been-sustained-by-a-temporary-boost-in-transfer-payments-april-2021.pdf,pdf,https://ibo.nyc.ny.us/publicationsTaxRev.html
NYC Independent Budget Office,report,,Economic Development Tax Expenditure Evaluation: IDA’s Industrial Program,,https://ibo.nyc.ny.us/iboreports/ida-testimony-february-2021.pdf,https://ibo.nyc.ny.us/iboreports/ida-testimony-february-2021.pdf,pdf,https://ibo.nyc.ny.us/publicationsTaxRev.html
NYC Independent Budget Office,report,,Where the Jobs Are Growing the Money Isn’t Always So Good,,https://ibo.nyc.ny.us/cgi-park?p=416,,html,https://ibo.nyc.ny.us/publicationsTaxRev.html
NYC Independent Budget Office,report,,New York City’s Long-Term Unemployment Rate Continues to Outpace U.S. Rate,,https://ibo.nyc.ny.us/cgi-park?p=189,,html,https://ibo.nyc.ny.us/publicationsTaxRev.html
NYC Independent Budget Office,report,,Wall Street Wages: A Rough Ride on Easy Street,,https://ibo.nyc.ny.us/cgi-park?p=169,,html,https://ibo.nyc.ny.us/publicationsTaxRev.html
NYC Independent Budget Office,report,,"New Yorkers on the Move 1989-2007: Where They Came From, Where They Went",,https://www.ibo.nyc.ny.us/iboreports/Taxpayermigration1209.pdf,https://www.ibo.nyc.ny.us/iboreports/Taxpayermigration1209.pdf,pdf,https://ibo.nyc.ny.us/publicationsTaxRev.html
NYC Independent Budget Office,report,,City's Assessment of Property Values May Need Some Extra Reassessing,,https://ibo.nyc.ny.us/cgi-park?p=643,,html,https://ibo.nyc.ny.us/publicationsTaxRev.html
NYC Independent Budget Office,report,,How Much Will Washington's Tax Deal Cost New York City's Taxpayers? A Very Preliminary Estimate,,https://ibo.nyc.ny.us/cgi-park2?p=244,,html,https://ibo.nyc.ny.us/publicationsTaxRev.html
NYC Independent Budget Office,report,,"The Coop & Condo Tax Break Is About to Expire, Renewing the Existing Bill Will Cost the City Millions in Unintended Benefits",,https://ibo.nyc.ny.us/cgi-park?p=431,,html,https://ibo.nyc.ny.us/publicationsTaxRev.html
NYC Independent Budget Office,report,,Boom & Bust: Commercial Property Taxes Are a Key to Revenues From Property Transfer Taxes,,https://www.ibo.nyc.ny.us/iboreports/rpttjan2012.pdf,https://www.ibo.nyc.ny.us/iboreports/rpttjan2012.pdf,pdf,https://ibo.nyc.ny.us/publicationsTaxRev.html
NYC Independent Budget Office,report,,Tax Effort and Spending Effort Across New York State,,https://www.ibo.nyc.ny.us/iboreports/tnydec2011.pdf,https://www.ibo.nyc.ny.us/iboreports/tnydec2011.pdf,pdf,https://ibo.nyc.ny.us/publicationsTaxRev.html
NYC Independent Budget Office,report,,Analysis of Income Distribution in NYC and Relative NYC Personal Income Tax Burden,,https://www.ibo.nyc.ny.us/iboreports/120611letterwenc.pdf,https://www.ibo.nyc.ny.us/iboreports/120611letterwenc.pdf,pdf,https://ibo.nyc.ny.us/publicationsTaxRev.html
NYC Independent Budget Office,report,,City's Multitude of Property Tax Exemptions Add Up to a Wealth of Revenue Foregone,,https://ibo.nyc.ny.us/cgi-park?p=365,,html,https://ibo.nyc.ny.us/publicationsTaxRev.html
NYC Independent Budget Office,report,,Testimony to the New York City Council on Property Tax Assessments and Oversight,,https://www.ibo.nyc.ny.us/iboreports/proptaxassessmenttestimay2011.pdf,https://www.ibo.nyc.ny.us/iboreports/proptaxassessmenttestimay2011.pdf,pdf,https://ibo.nyc.ny.us/publicationsTaxRev.html
NYC Independent Budget Office,report,,Attention Shoppers! For a Limited Time Only: The Clothing Tax Returns,,https://ibo.nyc.ny.us/cgi-park?p=232,,html,https://ibo.nyc.ny.us/publicationsTaxRev.html
NYC Independent Budget Office,report,,Taxes Foregone Shouldn't Be Forgotten,,https://ibo.nyc.ny.us/cgi-park?p=207,,html,https://ibo.nyc.ny.us/publicationsTaxRev.html
NYC Independent Budget Office,report,,Effects of Property Tax Class Share Shift Since 1992,,https://www.ibo.nyc.ny.us/iboreports/classharejune152010.pdf,https://www.ibo.nyc.ny.us/iboreports/classharejune152010.pdf,pdf,https://ibo.nyc.ny.us/publicationsTaxRev.html
NYC Independent Budget Office,report,,"On April 15, Many New Yorkers Spell Relief “EITC”",,https://ibo.nyc.ny.us/cgi-park?p=140,,html,https://ibo.nyc.ny.us/publicationsTaxRev.html
NYC Independent Budget Office,report,,Effect on Property Tax Revenue From Merging Utility Property From Class 3 into Class 4 Commercial Property,,https://www.ibo.nyc.ny.us/iboreports/conedletter2009.pdf,https://www.ibo.nyc.ny.us/iboreports/conedletter2009.pdf,pdf,https://ibo.nyc.ny.us/publicationsTaxRev.html
NYC Independent Budget Office,report,,Another Hole in the Budget Plan,,https://ibo.nyc.ny.us/cgi-park?p=57,,html,https://ibo.nyc.ny.us/publicationsTaxRev.html
NYC Independent Budget Office,report,,Another Wrinkle (Actually It's Flat) in State's Tax Increase on High-Income Taxpayers,,https://ibo.nyc.ny.us/cgi-park?p=52,,html,https://ibo.nyc.ny.us/publicationsTaxRev.html
NYC Independent Budget Office,report,,Comparing State and Local Taxes in Large U.S. Cities,,https://www.ibo.nyc.ny.us/iboreports/CSALTFINAL.pdf,https://www.ibo.nyc.ny.us/iboreports/CSALTFINAL.pdf,pdf,https://ibo.nyc.ny.us/publicationsTaxRev.html
NYC Independent Budget Office,report,,"Tax Revenue Update: Dimmer for 2003, But a Little Brighter in 2004-2006",,https://www.ibo.nyc.ny.us/iboreports/November2002fiscalbrief.pdf,https://www.ibo.nyc.ny.us/iboreports/November2002fiscalbrief.pdf,pdf,https://ibo.nyc.ny.us/publicationsTaxRev.html
NYC Independent Budget Office,report,,Considering Tax Cuts: Current Proposals by the Mayor and the City Council,,https://www.ibo.nyc.ny.us/iboreports/taxprograms.pdf,https://www.ibo.nyc.ny.us/iboreports/taxprograms.pdf,pdf,https://ibo.nyc.ny.us/publicationsTaxRev.html
NYC Independent Budget Office,report,,New York City's Tax on the Working Poor,,https://www.ibo.nyc.ny.us/iboreports/workingpoor.html,,html,https://ibo.nyc.ny.us/publicationsTaxRev.html
NYC Independent Budget Office,report,,IBO Annual Report 1997,,https://www.ibo.nyc.ny.us/iboreports/anrepcov.html,,html,https://ibo.nyc.ny.us/publicationsTaxRev.html
NYC Rules - Adopted,rule,DCWP,Further Amendments of Debt Collector Rules,2026-09-01,https://rules.cityofnewyork.us/rule/further-amendments-of-debt-collector,,html,https://rules.cityofnewyork.us/recently-adopted-rules/
NYC Rules - Adopted,rule,OATH-ECB,Water Penalty Schedule - The Effective Date will be the same as the Effective Date of the companion DEP rule. The Effective Date will be amended when DEP publishes its final rule.,2026-06-01,https://rules.cityofnewyork.us/rule/office-of-administrative-trials-and-hearings-proposed-rule-to-amend-the-water-penalty-schedule,,html,https://rules.cityofnewyork.us/recently-adopted-rules/
NYC Rules - Adopted,rule,DSNY,Commercial Waste Generation Audits - NOTE: The rules become effective in each zone as the commercial waste zones get implemented. The effective date reflected below does not apply.,2026-06-01,https://rules.cityofnewyork.us/rule/33143,,html,https://rules.cityofnewyork.us/recently-adopted-rules/
NYC Rules - Adopted,rule,DSNY,Public Safety Requirements for Carters Operating in Commercial Waste Zones - NOTE: The rules become effective in each zone as the commercial waste zones get implemented. The effective date reflected below does not apply.,2026-06-01,https://rules.cityofnewyork.us/rule/public-safety-requirements-for-carters-operating-in-commercial-waste-zones,,html,https://rules.cityofnewyork.us/recently-adopted-rules/
NYC Rules - Adopted,rule,DSNY,Commercial Waste Zones Customer Service and Operations Rules - NOTE: The rules become effective in each zone as the commercial waste zones get implemented. The effective date reflected below does not apply.,2026-06-01,https://rules.cityofnewyork.us/rule/commercial-waste-zones,,html,https://rules.cityofnewyork.us/recently-adopted-rules/
